,Player,Pos,Age,Tm,G,MP,PER,TS%,3PAr,FTr,ORB%,DRB%,TRB%,AST%,STL%,BLK%,TOV%,USG%, ,OWS,DWS,WS,WS/48, ,OBPM,DBPM,BPM,VORP
0,Kareem Abdul-Jabbar*,C,31,LAL,80,3157,25.5,.612,,.352,7.6,26.7,17.6,18.9,1.1,5.0,15.3,23.3,,8.8,5.6,14.4,.219,,4.6,3.0,7.6,7.7
1,Tom Abernethy,PF,24,GSW,70,1219,13.6,.550,,.275,6.5,12.6,9.5,8.4,1.5,0.6,7.7,13.8,,2.3,1.3,3.7,.144,,0.2,0.7,0.9,0.9
2,Alvan Adams,C,24,PHO,77,2364,20.4,.570,,.269,10.5,22.4,16.6,20.8,2.1,1.4,18.9,24.1,,3.9,3.7,7.6,.154,,2.3,1.2,3.4,3.2
3,Lucius Allen,PG,31,KCK,31,413,8.7,.416,,.190,3.6,8.6,6.1,13.6,2.3,0.8,13.7,20.3,,-0.4,0.5,0.1,.007,,-3.7,0.4,-3.3,-0.1
4,Kim Anderson,SF,23,POR,21,224,3.0,.353,,.364,8.3,14.1,11.2,8.5,0.8,1.3,19.8,19.6,,-0.6,0.2,-0.4,-0.078,,-6.1,-1.3,-7.5,-0.4
5,Tiny Archibald*,PG,30,BOS,69,1662,13.1,.537,,.536,1.7,5.3,3.4,26.3,1.5,0.2,21.8,21.3,,1.0,0.6,1.6,.046,,-0.5,-2.1,-2.6,-0.3
6,Tate Armstrong,SG,23,CHI,26,259,6.5,.436,,.186,3.0,5.5,4.2,15.5,1.8,0.0,21.7,14.9,,-0.2,0.2,-0.1,-0.012,,-3.9,-0.3,-4.2,-0.2
7,Dennis Awtrey,C,30,TOT,63,746,6.7,.490,,.523,6.0,15.7,10.8,11.1,1.0,0.9,28.3,9.6,,-0.1,0.9,0.7,.046,,-3.5,1.2,-2.3,-0.1
8,Dennis Awtrey,C,30,BOS,23,247,5.4,.473,,.455,5.8,15.4,10.6,9.8,0.5,1.3,28.5,11.7,,-0.2,0.1,0.0,-0.006,,-4.1,0.0,-4.1,-0.1
9,Dennis Awtrey,C,30,SEA,40,499,7.3,.501,,.571,6.1,15.8,11.0,11.8,1.2,0.7,28.2,8.6,,0.0,0.7,0.8,.073,,-3.2,1.8,-1.4,0.1
10,Gus Bailey,SG,27,NOJ,2,9,6.1,.286,,.000,22.5,0.0,10.9,33.2,0.0,0.0,12.5,33.9,,0.0,0.0,0.0,-0.201,,-4.4,-0.4,-4.8,0.0
11,Greg Ballard,SF,24,WSB,82,1552,14.9,.503,,.308,9.5,19.8,14.7,9.4,1.7,1.0,13.3,18.0,,1.7,2.2,3.9,.120,,0.0,0.7,0.7,1.1
12,Mike Bantom,PF,27,IND,81,2528,15.7,.503,,.326,9.2,17.3,13.2,12.3,1.8,1.3,14.0,21.3,,2.2,3.0,5.2,.099,,0.0,0.3,0.2,1.4
13,Tom Barker,C,23,TOT,39,476,9.1,.473,,.237,10.2,17.0,13.6,4.1,1.0,1.2,16.5,17.0,,-0.1,0.4,0.3,.031,,-3.5,-1.0,-4.6,-0.4
14,Tom Barker,C,23,HOU,5,16,13.2,.581,,.333,13.8,26.8,20.4,0.0,0.0,0.0,12.7,19.4,,0.0,0.0,0.0,.147,,-4.3,-0.3,-4.6,0.0
15,Tom Barker,C,23,BOS,12,131,9.5,.485,,.313,10.1,15.4,12.7,6.2,1.4,1.6,19.2,20.1,,-0.1,0.1,0.0,.017,,-4.0,-0.4,-4.4,-0.1
16,Tom Barker,C,23,NYK,22,329,8.8,.460,,.196,10.1,17.1,13.6,3.4,0.8,1.1,15.3,15.6,,-0.1,0.3,0.2,.031,,-3.3,-1.3,-4.6,-0.2
17,Marvin Barnes,PF,26,BOS,38,796,12.3,.515,,.244,7.9,16.9,12.3,9.1,2.2,2.5,18.5,18.1,,0.1,0.9,1.0,.060,,-2.7,1.2,-1.5,0.1
18,Rick Barry*,SF,34,HOU,80,2566,14.7,.504,,.169,1.7,9.9,5.9,25.7,1.7,0.8,15.6,19.6,,2.9,1.3,4.2,.078,,0.9,-0.1,0.8,1.8
19,Tim Bassett,PF,27,NJN,82,1508,8.0,.433,,.419,11.7,17.7,14.6,8.2,1.3,1.0,21.7,11.8,,-0.5,1.9,1.4,.045,,-3.2,0.1,-3.1,-0.4
20,Butch Beard,PG,31,NYK,7,85,9.0,.423,,.000,1.3,11.5,6.3,27.9,3.8,0.0,27.8,16.6,,-0.1,0.1,0.0,-0.012,,-4.0,0.6,-3.4,0.0
21,Ron Behagen,PF,28,TOT,15,165,9.6,.487,,.210,8.4,19.4,13.8,5.5,1.1,0.3,14.0,18.4,,0.0,0.2,0.2,.066,,-3.3,-0.4,-3.7,-0.1
22,Ron Behagen,PF,28,DET,1,1,-60.3,,,,0.0,0.0,0.0,0.0,0.0,0.0,100.0,38.1,,0.0,0.0,0.0,-1.277,,-5.1,0.0,-5.1,0.0
23,Ron Behagen,PF,28,NYK,5,38,7.5,.466,,.167,5.6,25.6,15.6,6.6,2.4,0.0,23.7,17.4,,-0.1,0.1,0.0,.004,,-4.5,0.1,-4.4,0.0
24,Ron Behagen,PF,28,KCK,9,126,10.8,.492,,.220,9.3,17.7,13.4,5.2,0.7,0.4,9.9,18.6,,0.1,0.1,0.3,.096,,-2.9,-0.6,-3.5,-0.1
25,Kent Benson,C,24,MIL,82,2132,17.3,.555,,.307,9.7,20.6,15.1,12.1,1.9,2.0,14.7,19.3,,3.5,2.9,6.4,.143,,0.6,0.8,1.4,1.8
26,Del Beshore,PG,22,MIL,1,1,0.0,,,,0.0,0.0,0.0,0.0,0.0,0.0,,0.0,,0.0,0.0,0.0,-0.004,,-4.7,0.0,-4.7,0.0
27,Henry Bibby,PG,29,PHI,82,2538,11.2,.493,,.386,3.1,6.8,5.0,19.2,1.3,0.1,16.2,18.6,,1.3,2.4,3.7,.069,,-1.6,-0.8,-2.4,-0.2
28,,,,,,,,,,,,,,,,,,,,,,,,,,,,
29,Bob Bigelow,SF,25,SDC,29,413,6.0,.428,,.233,3.9,8.0,5.9,7.1,1.3,0.2,15.4,10.8,,0.0,0.1,0.0,.003,,-2.7,-0.6,-3.3,-0.1
30,Otis Birdsong,SG,23,KCK,82,2839,18.4,.544,,.280,6.6,7.0,6.8,14.4,2.0,0.3,10.9,24.9,,5.9,2.9,8.8,.148,,2.4,-0.2,2.2,3.0
31,Ron Boone,SG,32,LAL,82,1583,9.3,.495,,.183,3.9,6.0,5.0,12.1,1.9,0.4,19.3,19.3,,-0.8,1.2,0.4,.012,,-3.2,-1.0,-4.2,-0.9
32,Tom Boswell,PF,25,DEN,79,2201,14.6,.577,,.471,11.9,13.6,12.8,14.7,1.0,1.2,20.3,16.0,,3.4,2.2,5.6,.122,,0.8,0.1,0.9,1.6
33,Dennis Boyd,PG,24,DET,5,40,-4.0,.250,,.000,0.0,5.4,2.6,20.3,0.0,0.0,33.3,17.1,,-0.2,0.0,-0.2,-0.230,,-5.3,-1.1,-6.4,-0.1
34,Winford Boynes,SG,21,NJN,69,1176,11.7,.482,,.284,5.2,8.9,6.9,9.7,1.6,0.3,15.1,25.1,,-0.5,1.1,0.6,.026,,-2.2,-1.5,-3.7,-0.5
35,Alonzo Bradley,SF,25,HOU,34,245,9.3,.468,,.375,5.9,14.4,10.2,8.8,0.9,0.2,14.2,19.2,,0.0,0.1,0.1,.024,,-3.0,-1.2,-4.2,-0.1
36,Mike Bratz,PG,23,PHO,77,1297,12.6,.513,,.319,4.8,7.3,6.0,17.6,2.2,0.3,18.2,22.0,,0.5,1.3,1.7,.064,,-1.8,-0.6,-2.4,-0.1
37,Jim Brewer,PF,27,TOT,80,1611,9.9,.444,,.197,10.1,22.5,16.0,6.6,1.8,2.2,21.9,10.9,,-0.5,1.8,1.3,.038,,-2.1,0.6,-1.5,0.2
38,Jim Brewer,PF,27,CLE,55,1301,10.1,.448,,.185,9.9,21.9,15.6,7.0,1.7,2.4,21.8,10.9,,-0.3,1.3,1.0,.038,,-1.9,0.6,-1.2,0.3
39,Jim Brewer,PF,27,DET,25,310,9.2,.428,,.250,11.0,24.6,17.6,4.9,1.9,1.7,22.2,10.5,,-0.2,0.4,0.3,.040,,-2.8,0.4,-2.4,0.0
40,Ron Brewer,SG,23,POR,81,2454,14.2,.544,,.292,3.9,6.5,5.2,9.4,1.9,1.8,13.4,18.4,,3.3,2.3,5.6,.109,,0.5,0.2,0.7,1.7
41,Junior Bridgeman,SG,25,MIL,82,1963,18.8,.544,,.214,6.4,10.4,8.4,11.7,2.0,1.1,10.6,25.8,,3.7,1.8,5.5,.134,,1.9,-0.6,1.3,1.6
42,Allan Bristow,SF,27,SAS,74,1324,14.2,.562,,.421,6.6,12.8,9.8,20.3,1.8,0.6,20.5,15.1,,2.0,1.5,3.5,.126,,0.5,0.7,1.2,1.1
43,Fred Brown,PG,30,SEA,77,1961,16.9,.516,,.217,2.0,7.2,4.6,20.1,2.8,0.6,13.6,24.1,,2.3,2.9,5.2,.127,,0.3,1.3,1.7,1.8
44,John Brown,SF,27,CHI,77,1265,9.4,.539,,.309,7.2,13.3,10.3,10.8,0.7,0.4,19.8,14.2,,0.9,0.8,1.7,.064,,-2.3,-0.4,-2.7,-0.2
45,Joe Bryant,PF,24,PHI,70,1064,13.1,.482,,.356,9.8,15.3,12.7,13.6,2.1,0.4,17.1,24.4,,-0.1,1.6,1.5,.067,,-2.4,-0.2,-2.6,-0.2
46,Quinn Buckner,PG,24,MIL,81,1757,13.6,.478,,.226,3.6,9.6,6.6,31.7,4.0,0.5,25.5,18.0,,-0.4,2.4,2.0,.055,,-1.6,1.5,-0.1,0.9
47,Greg Bunch,SF,22,NYK,12,97,9.2,.448,,.462,9.9,8.9,9.4,4.9,1.4,1.6,13.8,14.7,,0.0,0.1,0.1,.046,,-2.9,-0.4,-3.3,0.0
48,Tom Burleson,C,26,KCK,56,927,15.3,.522,,.494,9.6,23.7,16.5,6.9,1.3,3.5,13.3,19.9,,1.1,1.6,2.7,.140,,-1.4,1.0,-0.4,0.4
49,Don Buse,PG,28,PHO,82,2544,11.5,.519,,.158,2.0,7.4,4.7,16.3,2.7,0.4,13.5,10.8,,2.6,2.8,5.4,.101,,-0.9,1.7,0.8,1.8
50,Marty Byrnes,SF,22,TOT,79,1264,9.9,.525,,.396,7.7,8.1,7.9,10.4,0.9,0.4,20.7,17.5,,0.2,0.7,0.9,.034,,-1.7,-1.7,-3.5,-0.5
51,Marty Byrnes,SF,22,PHO,43,734,9.4,.545,,.448,7.5,7.2,7.3,10.1,0.9,0.1,22.8,18.1,,0.1,0.5,0.5,.036,,-2.0,-2.0,-4.0,-0.4
52,Marty Byrnes,SF,22,NOJ,36,530,10.6,.498,,.325,7.8,9.5,8.7,10.9,1.0,0.7,17.4,16.5,,0.1,0.3,0.4,.032,,-1.3,-1.3,-2.7,-0.1
53,,,,,,,,,,,,,,,,,,,,,,,,,,,,
54,Corky Calhoun,SF,28,IND,81,1332,9.9,.507,,.257,4.9,13.4,9.2,9.9,1.3,0.7,13.1,12.6,,1.1,1.2,2.3,.082,,-2.0,0.5,-1.5,0.2
55,Austin Carr,SG,30,CLE,82,2714,15.4,.529,,.308,5.9,5.8,5.8,11.4,1.3,0.3,11.7,21.9,,4.5,0.5,5.0,.088,,1.0,-1.7,-0.7,0.9
56,Kenny Carr,PF,23,LAL,72,1149,12.6,.522,,.304,7.0,19.9,13.8,6.8,1.5,1.4,18.5,21.8,,-0.4,1.5,1.1,.046,,-2.8,-0.7,-3.5,-0.4
57,M.L. Carr,SF,28,DET,80,3207,16.3,.561,,.381,6.9,12.4,9.5,10.8,2.8,0.7,16.0,18.9,,4.5,3.4,7.9,.118,,0.6,0.8,1.4,2.8
58,Ron Carter,SG,22,LAL,46,332,9.3,.487,,.435,7.3,7.4,7.4,9.4,2.3,1.1,21.3,22.6,,-0.3,0.3,0.0,-0.002,,-4.1,-0.7,-4.8,-0.3
59,Harvey Catchings,C,27,TOT,57,948,11.1,.476,,.321,11.0,22.5,16.7,6.5,1.1,5.1,24.1,14.6,,-0.6,1.7,1.1,.058,,-3.3,1.5,-1.8,0.1
60,Harvey Catchings,C,27,PHI,25,289,9.9,.457,,.250,11.2,23.5,17.6,7.7,1.2,6.3,32.9,15.2,,-0.5,0.6,0.1,.021,,-4.5,2.4,-2.1,0.0
61,Harvey Catchings,C,27,NJN,32,659,11.6,.483,,.349,10.9,22.1,16.3,6.0,1.0,4.6,20.2,14.4,,0.0,1.1,1.0,.074,,-2.7,1.1,-1.6,0.1
62,Don Chaney,SG,32,BOS,65,1074,9.7,.444,,.101,6.5,8.1,7.3,9.5,3.0,0.5,13.1,18.1,,-0.3,1.0,0.6,.027,,-3.5,0.8,-2.7,-0.2
63,Maurice Cheeks*,PG,22,PHI,82,2409,12.6,.541,,.245,2.8,7.9,5.5,22.8,3.2,0.3,23.3,13.4,,1.3,3.6,4.9,.097,,-1.4,2.1,0.7,1.6
64,Phil Chenier,SG,28,WSB,27,385,7.2,.458,,.177,0.8,4.4,2.6,10.2,0.5,0.6,15.4,20.0,,-0.3,0.2,-0.1,-0.014,,-3.5,-1.7,-5.2,-0.3
65,Jim Chones,C,29,CLE,82,2850,13.7,.472,,.200,9.4,23.8,16.2,8.6,0.8,2.0,13.8,18.9,,1.0,2.3,3.3,.056,,-0.8,-1.0,-1.8,0.1
66,Jim Cleamons,PG,29,NYK,79,2390,11.8,.513,,.260,2.9,7.2,5.1,19.7,1.4,0.2,16.2,14.3,,2.3,1.1,3.4,.068,,-0.7,-0.6,-1.2,0.5
67,E.C. Coleman,PF,28,HOU,6,39,10.9,.739,,.143,2.8,16.5,9.8,3.2,2.4,0.0,0.0,7.5,,0.1,0.0,0.1,.169,,-3.7,0.4,-3.2,0.0
68,Doug Collins,SG,27,PHI,47,1595,16.0,.555,,.344,2.4,5.5,4.0,17.6,1.5,0.7,13.7,23.4,,2.6,1.6,4.2,.125,,0.7,-0.5,0.1,0.9
69,Michael Cooper,SG,22,LAL,3,7,16.3,.500,,.000,0.0,0.0,0.0,0.0,6.5,0.0,14.3,40.0,,0.0,0.0,0.0,-0.073,,-4.6,0.0,-4.6,0.0
70,Wayne Cooper,C,22,GSW,65,795,12.5,.464,,.208,12.1,25.8,18.9,3.5,0.4,3.0,14.0,18.9,,0.0,1.2,1.2,.073,,-2.9,-0.5,-3.4,-0.3
71,Dave Corzine,C,22,WSB,59,532,12.5,.600,,.534,10.0,17.9,14.0,10.9,0.8,1.3,26.7,14.3,,0.5,0.6,1.1,.102,,-0.9,0.8,-0.1,0.3
72,Dave Cowens*,C,30,BOS,68,2517,15.2,.516,,.185,6.7,22.2,14.4,13.7,1.4,1.1,13.7,19.6,,2.4,2.4,4.8,.091,,0.1,0.2,0.3,1.5
73,Wesley Cox,SF,24,GSW,31,360,5.3,.447,,.748,5.3,13.5,9.4,4.0,1.7,0.8,21.2,23.3,,-0.9,0.4,-0.5,-0.061,,-7.1,-0.8,-7.9,-0.6
74,Charlie Criss,PG,30,ATL,54,879,9.1,.436,,.298,2.2,5.3,3.7,20.7,2.2,0.2,19.5,18.2,,-0.5,0.7,0.1,.008,,-2.4,-0.8,-3.2,-0.3
75,Geoff Crompton,C,23,DEN,20,88,2.6,.416,,.462,7.2,20.0,13.6,7.3,0.0,1.8,27.7,19.0,,-0.2,0.1,-0.1,-0.081,,-6.0,-0.4,-6.4,-0.2
76,,,,,,,,,,,,,,,,,,,,,,,,,,,,
77,Louie Dampier*,PG,34,SAS,70,760,13.3,.513,,.155,2.2,6.4,4.4,19.7,2.0,0.5,12.7,15.3,,0.9,0.7,1.6,.098,,0.0,0.2,0.3,0.4
78,Bob Dandridge,SF,31,WSB,78,2629,19.0,.553,,.318,4.3,12.9,8.6,19.1,1.2,1.1,13.4,24.1,,5.8,2.8,8.7,.158,,2.6,0.4,3.0,3.4
79,Adrian Dantley*,SF,23,LAL,60,1775,18.4,.589,,.467,8.5,12.2,10.5,10.3,1.6,0.3,14.9,23.4,,4.0,1.6,5.7,.153,,1.7,-1.2,0.5,1.1
80,Brad Davis,PG,23,TOT,27,298,11.7,.599,,.418,0.3,5.5,2.9,21.4,2.4,0.4,20.7,10.8,,0.4,0.2,0.6,.102,,-2.0,1.1,-0.9,0.1
81,Brad Davis,PG,23,LAL,5,65,8.5,.745,,.364,0.0,1.6,0.8,16.4,1.4,0.0,32.0,11.6,,0.1,0.0,0.1,.066,,-3.3,-0.2,-3.5,0.0
82,Brad Davis,PG,23,IND,22,233,12.6,.563,,.432,0.4,6.6,3.5,22.8,2.7,0.5,17.4,10.6,,0.3,0.2,0.5,.112,,-1.7,1.5,-0.2,0.2
83,Harry Davis,SF,23,CLE,40,394,10.6,.471,,.281,7.1,11.5,9.2,5.5,1.5,1.1,11.8,19.7,,0.1,0.2,0.3,.038,,-2.9,-1.0,-3.9,-0.2
84,Johnny Davis,PG,23,IND,79,2971,14.7,.511,,.319,2.4,4.2,3.3,21.3,1.5,0.4,13.1,21.4,,3.7,1.5,5.2,.083,,0.5,-1.2,-0.7,1.0
85,Walter Davis,SF,24,PHO,79,2437,23.0,.606,,.300,5.1,11.8,8.5,21.1,2.7,0.6,16.0,29.0,,6.3,3.1,9.4,.184,,3.8,0.4,4.2,3.8
86,Darryl Dawkins,C,22,PHI,78,2035,15.6,.545,,.283,6.6,24.9,16.1,9.1,0.7,3.6,17.4,21.7,,0.8,3.8,4.6,.108,,-1.7,1.2,-0.5,0.8
87,Coby Dietrick,C,30,SAS,76,1487,13.9,.560,,.248,6.5,15.5,11.1,15.7,2.1,1.3,17.2,13.6,,2.1,2.0,4.1,.133,,0.3,1.6,1.9,1.5
88,Jacky Dorsey,SF,24,HOU,20,108,12.5,.560,,.372,12.3,10.9,11.6,2.6,0.4,1.0,13.8,21.2,,0.1,0.0,0.2,.076,,-3.2,-1.1,-4.3,-0.1
89,Leon Douglas,C,24,DET,78,2215,12.1,.529,,.470,11.3,20.2,15.6,4.3,0.8,1.3,18.4,17.7,,1.1,2.0,3.1,.068,,-2.3,-1.4,-3.7,-0.9
90,John Drew,SF,24,ATL,79,2410,21.7,.536,,.492,9.7,13.9,11.7,8.1,2.5,0.4,11.2,30.9,,6.1,2.8,8.9,.177,,2.9,-0.8,2.1,2.5
91,Charles Dudley,PG,28,CHI,43,684,6.4,.411,,.336,4.0,9.7,6.9,20.9,2.2,0.1,30.8,12.1,,-0.7,0.6,-0.1,-0.009,,-4.3,0.7,-3.6,-0.3
92,Mike Dunleavy,SG,24,HOU,74,1486,14.9,.582,,.433,2.1,7.2,4.7,27.4,1.7,0.2,20.4,16.9,,2.8,0.5,3.4,.109,,0.8,-0.5,0.3,0.9
93,T.R. Dunn,SG,23,POR,80,1828,12.3,.496,,.288,8.7,12.3,10.5,7.4,2.2,0.7,13.1,15.3,,1.7,2.0,3.7,.097,,-0.3,0.1,-0.2,0.8
94,James Edwards,C,23,IND,82,2546,16.9,.542,,.414,7.2,20.8,14.0,5.2,1.1,2.2,11.4,21.8,,3.9,3.2,7.1,.133,,-0.3,-0.1,-0.4,1.0
95,Bob Elliott,PF,23,NJN,14,282,13.6,.630,,.767,5.7,15.6,10.4,10.7,0.9,0.8,21.0,16.4,,0.4,0.3,0.7,.123,,-0.8,0.0,-0.8,0.1
96,Bo Ellis,PF,24,DEN,42,269,12.2,.524,,.391,6.7,17.3,12.0,5.0,1.7,2.5,16.9,18.6,,0.1,0.4,0.5,.090,,-3.0,0.6,-2.4,0.0
97,Len Elmore,C,26,IND,80,1264,12.2,.444,,.228,9.4,23.4,16.4,7.4,2.2,3.3,16.2,13.9,,-0.1,2.2,2.1,.079,,-2.3,1.9,-0.3,0.5
98,Alex English*,SF,25,IND,81,2696,17.6,.540,,.209,9.7,15.3,12.5,14.4,1.2,1.5,14.0,20.3,,4.3,2.6,7.0,.124,,2.1,0.0,2.1,2.8
99,,,,,,,,,,,,,,,,,,,,,,,,,,,,
100,Ray Epps,SF,22,GSW,13,72,7.9,.490,,.348,0.0,7.5,3.7,3.6,0.7,0.0,7.0,16.0,,0.0,0.0,0.1,.057,,-3.8,-0.4,-4.2,0.0
101,Julius Erving*,SF,28,PHI,78,2802,20.1,.538,,.344,7.7,13.1,10.5,19.6,2.1,1.9,15.8,27.7,,3.6,4.4,7.9,.136,,2.9,0.6,3.5,3.9
102,Chris Ford,SG,30,TOT,81,2737,14.0,.502,,.199,5.0,6.1,5.5,19.6,1.9,0.5,14.5,20.7,,2.1,1.4,3.5,.062,,0.1,-0.6,-0.5,1.0
103,Chris Ford,SG,30,DET,3,108,5.6,.428,,.229,8.4,9.0,8.7,5.7,0.4,0.5,20.6,17.1,,-0.1,0.0,-0.1,-0.043,,-3.0,-1.3,-4.4,-0.1
104,Chris Ford,SG,30,BOS,78,2629,14.3,.505,,.198,4.8,6.0,5.4,20.2,2.0,0.5,14.3,20.8,,2.3,1.4,3.6,.067,,0.2,-0.6,-0.4,1.1
105,Don Ford,PF,26,LAL,79,1540,11.1,.540,,.198,6.2,12.4,9.5,8.0,1.5,0.8,16.0,15.1,,1.0,1.5,2.5,.078,,-1.4,-0.3,-1.7,0.1
106,Phil Ford,PG,22,KCK,79,2723,15.8,.534,,.399,1.3,6.1,3.6,32.2,2.9,0.1,21.5,21.2,,2.5,3.2,5.7,.101,,0.9,0.0,0.9,2.0
107,Bayard Forrest,C,24,PHO,75,1243,9.6,.462,,.423,10.0,18.0,14.1,15.3,1.0,1.5,24.9,13.3,,-0.2,1.5,1.2,.048,,-1.9,0.8,-1.1,0.3
108,Walt Frazier*,PG,33,CLE,12,279,12.9,.482,,.221,2.6,5.4,3.9,16.2,2.2,0.4,14.1,22.2,,0.1,0.1,0.2,.029,,-1.3,-0.8,-2.1,0.0
109,World B. Free,PG,25,SDC,78,2954,22.1,.552,,.523,4.6,6.3,5.4,17.1,1.7,0.6,12.7,29.9,,9.4,0.7,10.1,.164,,4.4,-1.5,2.9,3.7
110,Terry Furlow,SG,24,TOT,78,1686,17.0,.528,,.243,4.7,6.2,5.4,16.3,1.6,1.0,13.1,24.1,,2.5,0.8,3.3,.093,,2.0,-1.0,1.0,1.3
111,Terry Furlow,SG,24,CLE,49,1110,17.0,.523,,.220,4.1,5.5,4.7,14.2,1.7,0.8,12.2,25.5,,1.4,0.4,1.8,.078,,1.6,-1.3,0.3,0.6
112,Terry Furlow,SG,24,ATL,29,576,17.1,.538,,.298,5.8,7.6,6.7,20.5,1.5,1.3,15.0,21.5,,1.1,0.4,1.5,.124,,2.8,-0.4,2.4,0.6
113,Mike Gale,SG,28,SAS,82,2121,12.3,.500,,.176,2.1,7.0,4.6,20.6,3.1,0.9,18.8,14.5,,1.0,2.6,3.6,.082,,-1.1,1.6,0.6,1.4
114,Gus Gerard,SF,25,TOT,58,465,11.6,.466,,.469,9.1,13.9,11.5,5.9,1.9,1.6,13.3,22.3,,-0.1,0.6,0.5,.055,,-2.8,-0.4,-3.1,-0.1
115,Gus Gerard,SF,25,DET,2,6,26.3,.387,,.667,16.8,0.0,8.7,0.0,14.9,0.0,0.0,24.6,,0.0,0.0,0.0,.193,,-4.2,0.3,-3.9,0.0
116,Gus Gerard,SF,25,KCK,56,459,11.4,.467,,.466,9.0,14.1,11.5,6.0,1.8,1.6,13.5,22.3,,-0.1,0.6,0.5,.053,,-2.7,-0.4,-3.1,-0.1
117,George Gervin*,SF,26,SAS,80,2888,23.2,.591,,.326,5.4,9.0,7.3,11.5,2.1,1.6,12.5,30.0,,8.1,3.2,11.4,.189,,4.0,-0.3,3.7,4.1
118,John Gianelli,C,28,MIL,82,2057,10.3,.511,,.194,6.6,15.4,11.0,9.1,1.0,1.5,15.6,12.8,,1.2,1.8,3.0,.070,,-1.3,0.0,-1.4,0.3
119,Artis Gilmore*,C,29,CHI,82,3265,22.3,.619,,.448,9.9,25.0,17.5,12.9,0.7,2.6,16.5,23.0,,8.6,4.1,12.7,.186,,3.4,0.7,4.1,5.0
120,Jack Givens,SF,22,ATL,74,1347,13.0,.457,,.239,7.6,9.7,8.6,8.7,2.5,0.7,10.7,20.5,,0.7,1.4,2.1,.074,,-0.4,-0.2,-0.7,0.5
121,Mike Glenn,SG,23,NYK,75,1171,15.5,.567,,.130,2.6,5.0,3.8,16.5,1.4,0.3,11.1,19.3,,2.4,0.5,2.8,.117,,0.6,-0.7,0.0,0.6
122,Glen Gondrezick,SF,23,NYK,75,1602,11.0,.511,,.298,9.8,18.7,14.3,8.0,2.8,0.6,20.5,11.4,,0.6,2.1,2.7,.082,,-1.8,1.4,-0.4,0.6
123,Gail Goodrich*,SG,35,NOJ,74,2130,13.1,.499,,.240,3.2,5.1,4.2,23.5,1.9,0.3,16.4,20.1,,1.1,1.0,2.2,.049,,-1.1,-1.1,-2.2,-0.1
124,Mike Green,C,27,SAS,76,1641,12.9,.528,,.302,8.7,13.8,11.3,8.3,1.0,3.7,14.1,14.5,,1.8,2.0,3.8,.112,,-0.8,1.0,0.2,0.9
125,Rickey Green,PG,24,DET,27,431,10.2,.433,,.379,3.5,6.2,4.8,18.7,2.6,0.1,17.6,22.1,,-0.4,0.3,-0.1,-0.012,,-3.2,-0.8,-4.0,-0.2
126,,,,,,,,,,,,,,,,,,,,,,,,,,,,
127,Steve Green,SF,25,IND,39,265,12.4,.500,,.382,8.5,11.7,10.1,10.6,1.9,0.6,14.1,17.8,,0.2,0.3,0.4,.080,,-1.7,0.1,-1.6,0.1
128,Tommie Green,PG,22,NOJ,59,809,8.3,.438,,.266,2.5,5.6,4.1,22.2,3.3,0.4,25.2,16.7,,-1.0,0.7,-0.3,-0.017,,-4.9,0.6,-4.2,-0.5
129,Kevin Grevey,SF,25,WSB,65,1856,14.0,.494,,.243,5.0,7.7,6.3,11.1,1.1,0.4,10.5,23.5,,1.9,1.5,3.4,.087,,-0.3,-1.1,-1.4,0.3
130,Paul Griffin,PF,25,NOJ,77,1398,10.0,.527,,.659,9.1,17.9,13.7,12.1,1.7,1.3,28.9,11.0,,0.0,1.5,1.6,.054,,-2.6,1.1,-1.5,0.2
131,Bob Gross,SF,25,POR,53,1441,14.0,.519,,.269,8.1,11.2,9.6,17.0,2.3,1.8,19.6,16.9,,1.2,1.7,2.9,.097,,0.4,0.9,1.4,1.2
132,Ernie Grunfeld,SF,23,MIL,82,1778,15.2,.546,,.380,7.7,14.7,11.2,15.2,1.5,0.4,15.5,19.9,,2.8,1.6,4.3,.117,,0.2,-0.5,-0.2,0.8
133,Lars Hansen,C,24,SEA,15,205,13.6,.538,,.544,11.3,19.0,15.1,9.2,0.2,0.3,11.3,15.2,,0.4,0.3,0.6,.149,,-1.0,-0.3,-1.3,0.1
134,James Hardy,SF,22,NOJ,68,1456,10.7,.487,,.207,8.4,12.3,10.4,5.9,1.6,2.1,16.7,14.6,,0.0,1.3,1.3,.043,,-1.9,0.0,-1.9,0.0
135,Joe Hassett,SG,23,SEA,55,463,12.3,.504,,.109,2.9,7.3,5.1,13.5,1.4,0.5,12.6,21.4,,0.3,0.5,0.9,.089,,-2.0,0.1,-1.9,0.0
136,Steve Hawes,PF,28,ATL,81,2205,15.0,.523,,.175,9.0,20.5,14.5,11.7,1.7,1.2,15.1,17.2,,2.6,2.8,5.4,.118,,0.6,0.5,1.0,1.7
137,Bubbles Hawkins,SG,24,DET,4,28,23.8,.483,,.375,10.8,11.5,11.1,19.8,8.0,0.0,9.7,28.1,,0.1,0.1,0.1,.221,,-3.4,1.1,-2.3,0.1
138,Elvin Hayes*,PF,33,WSB,82,3105,19.1,.523,,.362,10.3,22.0,16.2,6.3,1.1,3.0,12.1,23.9,,4.5,4.9,9.4,.146,,1.0,0.2,1.2,2.5
139,Spencer Haywood*,PF,29,TOT,68,2361,16.8,.533,,.242,7.5,15.3,11.5,8.2,0.8,1.8,13.0,25.1,,2.5,1.8,4.3,.087,,0.3,-1.3,-1.0,0.6
140,Spencer Haywood*,PF,29,NYK,34,1023,15.6,.528,,.287,6.9,14.8,10.8,8.0,0.4,1.5,13.2,25.3,,1.0,0.7,1.6,.077,,-0.1,-1.7,-1.8,0.1
141,Spencer Haywood*,PF,29,NOJ,34,1338,17.7,.537,,.210,8.0,15.6,11.9,8.4,1.0,1.9,12.9,24.9,,1.5,1.2,2.7,.096,,0.6,-1.0,-0.4,0.5
142,Gar Heard,PF,30,PHO,63,1213,12.6,.479,,.281,9.1,22.8,16.1,5.9,1.9,2.4,12.7,15.0,,0.6,2.0,2.6,.101,,-1.5,0.6,-0.9,0.3
143,Tom Henderson,PG,27,WSB,70,2081,13.9,.519,,.304,2.5,5.4,4.0,24.5,1.9,0.2,16.9,16.1,,2.7,1.8,4.5,.103,,0.4,0.1,0.4,1.3
144,Keith Herron,SG,22,ATL,14,81,9.3,.372,,.271,5.1,8.4,6.7,5.2,3.5,1.4,8.5,28.6,,-0.1,0.1,0.0,-0.011,,-4.5,-0.2,-4.8,-0.1
145,Phil Hicks,SF,26,DEN,20,128,6.5,.431,,.116,10.7,12.1,11.4,8.3,1.8,0.0,22.3,17.5,,-0.2,0.1,0.0,-0.014,,-4.2,-0.6,-4.8,-0.1
146,Kenny Higgs,PG,24,CLE,68,1050,12.4,.517,,.398,1.8,9.3,5.3,17.2,2.9,0.6,12.5,14.2,,1.3,0.8,2.2,.098,,-2.4,1.8,-0.6,0.4
147,Armond Hill,PG,25,ATL,82,2527,11.8,.518,,.422,1.7,5.5,3.5,24.8,1.9,0.4,20.0,15.8,,2.4,1.8,4.2,.080,,-0.9,-0.5,-1.4,0.4
148,Darnell Hillman,PF,29,KCK,78,1618,10.7,.519,,.523,9.1,20.2,14.5,6.9,1.4,2.3,20.3,15.7,,0.2,2.4,2.6,.077,,-2.8,0.9,-1.8,0.1
149,,,,,,,,,,,,,,,,,,,,,,,,,,,,
150,Wilbur Holland,SG,27,CHI,82,2483,13.1,.507,,.187,3.5,7.7,5.6,19.0,2.3,0.3,15.4,19.4,,1.7,2.1,3.8,.074,,-1.3,0.4,-1.0,0.7
151,Lionel Hollins,PG,25,POR,64,1967,14.0,.496,,.249,1.8,6.7,4.2,23.9,2.7,0.7,18.5,24.2,,0.2,2.1,2.3,.055,,-1.0,-0.5,-1.5,0.2
152,Essie Hollis,SF,23,DET,25,154,11.8,.430,,.160,13.7,16.7,15.2,5.2,3.2,0.3,14.8,23.3,,-0.1,0.2,0.1,.022,,-3.8,-0.5,-4.3,-0.1
153,Otis Howard,PF,22,TOT,14,113,13.7,.446,,.411,16.5,21.9,19.1,6.0,0.8,0.9,9.6,24.7,,0.0,0.1,0.2,.064,,-3.1,-0.9,-4.0,-0.1
154,Otis Howard,PF,22,MIL,3,22,8.0,.455,,.000,25.1,10.0,17.6,6.0,0.0,0.0,15.4,23.0,,0.0,0.0,0.0,.024,,-4.5,-0.6,-5.1,0.0
155,Otis Howard,PF,22,DET,11,91,15.1,.444,,.511,14.4,24.8,19.4,6.0,1.0,1.1,8.3,25.2,,0.0,0.1,0.1,.074,,-2.8,-1.0,-3.8,0.0
156,Lou Hudson,SG,34,LAL,78,1686,13.7,.556,,.195,4.4,4.6,4.5,10.8,1.6,0.5,12.5,18.7,,2.3,1.1,3.3,.095,,-0.1,-0.9,-1.1,0.4
157,Kim Hughes,C,26,DEN,81,1086,11.7,.530,,.247,10.9,21.2,16.1,8.5,2.3,4.9,27.9,9.9,,0.1,2.1,2.2,.098,,-2.7,3.7,0.9,0.8
158,Dan Issel*,C,30,DEN,81,2742,18.3,.568,,.407,9.2,18.8,14.0,13.3,1.0,0.9,12.3,19.5,,6.7,3.1,9.8,.172,,2.5,-0.1,2.4,3.1
159,Phil Jackson*,PF,33,NJN,59,1070,10.7,.536,,.347,5.6,12.2,8.7,10.7,1.8,1.1,18.3,15.0,,0.6,1.3,1.9,.086,,-2.2,0.8,-1.5,0.1
160,Aaron James,SF,26,NOJ,73,1417,12.7,.526,,.222,6.9,10.1,8.6,8.2,0.9,0.7,13.8,21.6,,1.0,0.7,1.7,.057,,-1.8,-1.7,-3.5,-0.5
161,Charles Johnson,SG,29,WSB,82,1819,12.0,.458,,.101,4.0,7.3,5.6,12.5,2.4,0.2,9.6,19.1,,0.9,1.9,2.8,.074,,-1.9,0.8,-1.2,0.4
162,Clemon Johnson,C,22,POR,74,794,12.1,.481,,.341,11.5,20.3,15.8,12.8,1.3,2.5,20.7,15.6,,0.1,1.1,1.2,.070,,-1.5,0.8,-0.7,0.3
163,Dennis Johnson*,SG,24,SEA,80,2717,15.0,.495,,.353,5.6,8.8,7.2,14.5,1.7,1.9,13.0,21.3,,2.8,3.8,6.6,.116,,0.6,0.9,1.5,2.4
164,Eddie Johnson,SG,23,ATL,78,2413,16.7,.561,,.297,2.8,4.9,3.8,22.1,2.3,0.3,16.1,21.7,,4.4,1.9,6.3,.126,,1.4,-0.2,1.2,2.0
165,George Johnson,C,30,NJN,78,2058,11.1,.475,,.286,9.9,22.1,15.7,5.5,1.4,6.6,24.7,13.2,,-1.3,3.9,2.6,.061,,-3.7,2.8,-0.9,0.6
166,George Johnson,PF,22,MIL,67,1157,14.0,.526,,.342,10.1,24.3,17.2,8.3,2.9,2.2,20.3,16.6,,0.4,2.0,2.5,.102,,-2.0,1.6,-0.5,0.4
167,John Johnson,SF,31,SEA,82,2386,11.2,.484,,.305,5.6,12.6,9.1,20.3,1.1,0.6,21.4,19.5,,-0.4,3.0,2.7,.053,,-1.8,0.0,-1.8,0.1
168,Marques Johnson,SF,22,MIL,77,2779,23.9,.586,,.293,8.4,14.9,11.7,12.3,1.9,1.7,9.2,25.9,,9.2,3.0,12.2,.211,,5.1,0.0,5.2,5.0
169,Mickey Johnson,PF,26,CHI,82,2594,15.5,.506,,.298,8.2,18.2,13.2,21.3,1.6,1.2,20.0,24.1,,0.8,2.9,3.7,.069,,0.0,0.4,0.3,1.5
170,Ollie Johnson,SF,29,CHI,71,1734,12.3,.552,,.204,3.7,10.6,7.2,13.1,1.5,1.0,16.2,16.2,,1.6,1.4,3.1,.085,,-0.9,0.5,-0.4,0.7
171,Bobby Jones*,PF,27,PHI,80,2304,16.7,.584,,.393,9.4,14.4,12.0,11.8,2.1,2.2,16.7,16.8,,3.9,3.8,7.7,.160,,1.2,1.6,2.8,2.8
172,,,,,,,,,,,,,,,,,,,,,,,,,,,,
173,Caldwell Jones,C,28,PHI,78,2171,13.4,.512,,.254,8.8,26.2,17.9,9.1,0.8,3.8,18.0,15.5,,0.8,4.2,5.0,.111,,-1.8,1.7,-0.1,1.0
174,Dwight Jones,C,26,HOU,81,1215,10.9,.505,,.334,10.0,19.2,14.7,5.9,1.3,1.1,18.4,18.0,,0.3,0.9,1.3,.050,,-2.8,-0.8,-3.7,-0.5
175,Eddie Jordan,PG,24,NJN,82,2260,13.8,.470,,.285,3.3,6.8,5.0,23.1,3.9,1.0,18.4,22.0,,-0.9,3.3,2.4,.051,,-1.4,1.6,0.2,1.2
176,Jeff Judkins,SF,22,BOS,81,1521,14.5,.544,,.249,5.1,8.9,7.0,13.6,2.4,0.4,14.3,19.5,,1.9,1.1,3.0,.095,,-0.5,0.4,-0.1,0.7
177,Rich Kelley,C,25,NOJ,80,2705,19.9,.585,,.526,11.3,25.3,18.5,14.4,2.1,3.0,21.2,19.2,,4.1,4.5,8.6,.152,,1.1,1.8,2.8,3.3
178,Larry Kenon,PF,26,SAS,81,2947,19.8,.547,,.235,9.6,18.2,14.1,15.4,2.3,0.3,15.5,24.9,,4.7,4.1,8.8,.144,,2.5,-0.3,2.2,3.1
179,Bernard King*,SF,22,NJN,82,2859,17.9,.542,,.455,8.9,16.0,12.3,16.4,1.8,0.7,16.5,25.6,,2.8,3.6,6.5,.109,,1.6,-0.2,1.3,2.4
180,Billy Knight,SF,26,TOT,79,2095,15.3,.586,,.354,4.8,13.0,8.9,10.5,1.4,0.2,18.9,22.2,,2.3,1.4,3.7,.085,,0.3,-1.0,-0.7,0.7
181,Billy Knight,SF,26,BOS,40,1119,12.1,.556,,.335,4.0,13.2,8.6,8.4,1.2,0.1,20.5,22.0,,0.1,0.6,0.7,.029,,-1.5,-1.6,-3.2,-0.3
182,Billy Knight,SF,26,IND,39,976,19.0,.618,,.376,5.6,12.8,9.2,13.0,1.5,0.3,17.1,22.5,,2.2,0.8,3.0,.149,,2.4,-0.4,2.0,1.0
183,Toby Knight,SF,23,NYK,82,2667,15.3,.539,,.175,8.1,14.1,11.1,6.6,1.0,1.2,11.4,21.0,,3.7,2.0,5.7,.102,,0.1,-1.1,-1.0,0.7
184,Joel Kramer,PF,23,PHO,82,1401,11.3,.544,,.476,10.8,15.8,13.4,7.8,1.4,0.9,18.0,15.0,,1.4,1.6,3.0,.103,,-1.9,-0.3,-2.2,-0.1
185,John Kuester,PG,23,DEN,33,212,6.9,.387,,.269,2.5,3.9,3.2,21.4,3.8,0.2,25.6,14.2,,-0.3,0.3,0.0,.000,,-4.5,1.3,-3.2,-0.1
186,Kevin Kunnert,C,27,SDC,81,1684,12.8,.487,,.170,12.7,23.2,18.0,8.3,1.2,3.5,20.8,15.3,,0.5,1.8,2.3,.066,,-1.9,0.6,-1.3,0.3
187,Mitch Kupchak,PF,24,WSB,66,1604,19.4,.588,,.438,9.7,17.4,13.6,7.5,0.6,0.7,12.8,22.3,,4.2,1.7,5.9,.178,,2.6,-0.8,1.9,1.6
188,Sam Lacey,C,30,KCK,82,2627,15.3,.544,,.324,7.2,22.2,14.5,20.1,1.8,3.0,23.5,15.2,,2.0,4.5,6.5,.119,,0.8,3.1,3.9,3.9
189,Tom LaGarde,C,23,SEA,23,575,15.6,.568,,.525,11.1,23.7,17.4,7.8,0.5,1.6,17.4,18.4,,0.8,0.9,1.7,.142,,-0.4,0.2,-0.2,0.3
190,John Lambert,PF,26,CLE,70,1030,10.9,.469,,.167,11.6,19.7,15.4,5.5,1.1,1.5,15.5,16.1,,0.2,0.8,0.9,.044,,-2.6,-1.2,-3.8,-0.5
191,Mark Landsberger,PF,23,CHI,80,1959,12.6,.483,,.332,16.4,25.0,20.7,4.7,0.6,0.6,18.2,16.7,,0.2,2.0,2.2,.054,,-0.7,-2.1,-2.8,-0.4
192,Bob Lanier*,C,30,DET,53,1835,21.7,.564,,.386,9.0,19.3,14.0,11.4,1.2,2.1,13.6,26.7,,4.0,1.9,5.9,.155,,3.2,-0.2,3.0,2.3
193,Butch Lee,PG,22,TOT,82,1779,13.8,.513,,.363,1.9,6.0,3.9,22.7,2.3,0.0,17.3,19.8,,1.5,1.1,2.6,.069,,-0.3,-0.7,-1.0,0.4
194,Butch Lee,PG,22,ATL,49,997,12.2,.516,,.374,1.1,5.4,3.2,23.0,2.6,0.1,20.8,18.3,,0.4,0.9,1.2,.060,,-1.1,-0.2,-1.3,0.2
195,Butch Lee,PG,22,CLE,33,782,15.7,.511,,.352,2.9,6.7,4.7,22.5,1.8,0.0,13.5,21.8,,1.1,0.2,1.3,.081,,0.7,-1.4,-0.7,0.3
196,Ron Lee,PG,26,TOT,60,1346,10.7,.469,,.278,5.1,8.2,6.7,19.4,3.5,0.2,22.5,20.9,,-1.3,1.7,0.3,.012,,-3.6,0.6,-3.0,-0.4
197,Ron Lee,PG,26,PHO,43,948,11.1,.490,,.272,5.0,8.2,6.6,17.6,3.2,0.2,21.3,22.1,,-0.6,1.2,0.6,.028,,-3.4,0.3,-3.1,-0.3
198,Ron Lee,PG,26,NOJ,17,398,9.6,.406,,.298,5.3,8.1,6.8,23.5,4.2,0.2,25.9,18.1,,-0.7,0.5,-0.2,-0.027,,-4.2,1.4,-2.8,-0.1
199,,,,,,,,,,,,,,,,,,,,,,,,,,,,
200,Scott Lloyd,C,26,TOT,72,496,3.2,.389,,.385,10.8,10.3,10.6,8.2,0.9,0.9,26.3,15.6,,-0.9,0.3,-0.6,-0.058,,-5.8,-0.9,-6.7,-0.7
201,Scott Lloyd,C,26,SDC,5,31,-13.2,.000,,.000,3.4,6.9,5.1,0.0,1.5,0.0,80.0,12.2,,-0.2,0.0,-0.2,-0.363,,-6.2,-0.5,-6.6,-0.1
202,Scott Lloyd,C,26,CHI,67,465,4.3,.395,,.392,11.3,10.5,10.9,8.7,0.9,0.9,23.4,15.8,,-0.7,0.3,-0.4,-0.037,,-5.8,-0.9,-6.7,-0.6
203,John Long,SG,22,DET,82,2498,13.6,.498,,.153,5.1,6.0,5.5,6.9,1.8,0.4,9.4,22.3,,2.2,1.4,3.6,.070,,-1.0,-1.0,-2.0,0.0
204,John Lucas,PG,25,GSW,82,3095,16.9,.514,,.280,2.2,6.4,4.3,33.0,2.3,0.2,16.5,20.2,,4.7,3.2,7.9,.122,,1.5,0.0,1.4,2.7
205,Maurice Lucas,PF,26,POR,69,2462,18.4,.517,,.286,8.6,24.0,16.2,13.1,1.2,1.8,14.6,25.5,,2.9,3.3,6.2,.121,,1.0,-0.3,0.7,1.7
206,Moses Malone*,C,23,HOU,82,3390,23.7,.604,,.612,19.2,27.1,23.2,5.9,1.1,1.8,16.2,23.4,,10.6,3.5,14.1,.200,,4.5,-1.7,2.8,4.1
207,Pete Maravich*,SG,31,NOJ,49,1824,13.4,.478,,.268,1.8,4.6,3.2,20.4,1.5,0.5,14.7,28.4,,-0.5,0.7,0.1,.004,,-1.2,-2.5,-3.7,-0.8
208,Cedric Maxwell,SF,23,BOS,80,2969,19.9,.676,,.886,10.1,19.6,14.8,10.4,1.5,1.3,19.6,18.4,,8.9,2.7,11.7,.188,,2.9,0.2,3.1,3.8
209,Scott May,SF,24,CHI,37,403,8.4,.482,,.294,3.8,13.5,8.7,13.2,2.5,0.1,24.9,20.3,,-0.6,0.4,-0.1,-0.015,,-4.7,0.3,-4.4,-0.3
210,Bob McAdoo*,PF-C,27,TOT,60,2231,20.4,.561,,.399,6.3,19.1,12.7,11.5,1.5,1.6,14.1,27.1,,3.5,2.3,5.8,.125,,2.4,-0.2,2.3,2.4
211,Bob McAdoo*,PF,27,NYK,40,1594,21.5,.572,,.422,6.3,19.4,12.8,12.2,1.8,1.6,14.0,26.9,,3.0,1.8,4.8,.146,,3.2,0.2,3.4,2.2
212,Bob McAdoo*,C,27,BOS,20,637,17.5,.534,,.344,6.2,18.4,12.3,9.9,0.8,1.6,14.3,27.5,,0.5,0.5,1.0,.073,,0.6,-1.1,-0.5,0.2
213,Ted McClain,SG,32,PHO,36,465,10.1,.545,,.348,6.1,10.3,8.2,15.4,1.8,0.0,26.2,17.1,,0.0,0.4,0.5,.049,,-2.3,-0.5,-2.8,-0.1
214,Jim McElroy,PG,25,NOJ,79,2698,16.2,.536,,.310,2.3,5.4,3.9,24.2,2.4,0.9,16.0,21.0,,3.1,1.8,4.9,.088,,0.6,-0.1,0.5,1.7
215,George McGinnis*,PF,28,DEN,76,2552,20.6,.533,,.601,10.6,24.6,17.7,16.9,2.3,1.1,17.7,29.5,,2.8,4.4,7.1,.134,,1.5,0.6,2.1,2.6
216,Billy McKinney,PG,23,KCK,78,1242,15.6,.555,,.340,1.7,5.8,3.7,27.0,2.1,0.1,18.4,20.8,,1.7,1.2,3.0,.114,,0.7,-0.3,0.4,0.7
217,Tom McMillen,C,26,ATL,82,1392,12.6,.518,,.239,9.8,16.3,12.9,6.9,0.5,1.3,13.7,18.1,,1.7,1.2,2.9,.100,,-1.0,-1.2,-2.2,-0.1
218,Jim McMillian,SF,30,POR,23,278,11.9,.499,,.284,6.3,9.3,7.8,15.3,1.7,0.6,16.1,14.1,,0.3,0.2,0.5,.086,,-0.4,0.0,-0.4,0.1
219,Larry McNeill,PF,28,DET,11,46,16.5,.574,,.600,6.6,16.4,11.3,8.8,0.0,0.0,13.7,24.2,,0.1,0.0,0.1,.148,,-3.2,-0.4,-3.6,0.0
220,John Mengelt,SG,29,CHI,75,1705,13.2,.537,,.264,1.6,5.9,3.8,16.1,1.3,0.1,13.5,20.9,,2.1,0.9,3.0,.084,,-0.9,-1.0,-1.9,0.1
221,Joe Meriweather,C,25,TOT,77,1693,11.4,.524,,.374,8.8,16.0,12.5,6.0,1.1,2.8,18.3,16.3,,0.6,1.7,2.3,.064,,-3.0,0.2,-2.8,-0.3
222,Joe Meriweather,C,25,NOJ,36,640,11.8,.495,,.417,9.8,18.1,14.1,6.4,1.2,3.1,16.9,15.9,,0.1,0.7,0.9,.066,,-3.1,0.4,-2.7,-0.1
223,Joe Meriweather,C,25,NYK,41,1053,11.2,.542,,.348,8.2,14.8,11.5,5.9,1.0,2.7,19.1,16.6,,0.4,0.9,1.4,.063,,-2.9,0.1,-2.9,-0.2
224,Mike Mitchell,SF,23,CLE,80,1576,16.8,.545,,.252,8.3,14.9,11.4,5.7,1.5,1.0,11.5,22.4,,2.6,1.0,3.6,.111,,0.5,-1.1,-0.6,0.5
225,Steve Mix,SF,31,PHI,74,1269,19.4,.594,,.408,9.3,14.5,12.0,13.7,2.0,0.7,14.7,20.9,,3.0,1.9,4.9,.186,,2.7,0.6,3.3,1.7
226,,,,,,,,,,,,,,,,,,,,,,,,,,,,
227,Eric Money,PG,23,TOT,70,1979,14.4,.530,,.265,3.6,5.0,4.3,25.4,1.9,0.3,19.1,23.6,,0.9,1.8,2.7,.065,,-0.1,-0.9,-1.1,0.5
228,Eric Money,PG,23,NJN,47,1434,15.4,.519,,.271,3.9,5.4,4.6,26.7,2.3,0.4,18.0,24.1,,0.8,1.4,2.1,.072,,0.4,-0.7,-0.3,0.6
229,Eric Money,PG,23,PHI,23,545,11.8,.565,,.249,3.0,4.0,3.5,21.9,1.1,0.2,22.3,22.1,,0.1,0.4,0.5,.048,,-1.7,-1.6,-3.3,-0.2
230,Earl Monroe*,SG,34,NYK,64,1393,15.4,.513,,.220,2.0,3.7,2.9,19.6,1.6,0.2,11.3,24.3,,1.9,0.5,2.5,.085,,0.3,-1.4,-1.1,0.3
231,Glenn Mosley,PF,23,SAS,26,221,12.2,.463,,.507,13.4,17.0,15.2,10.1,1.6,2.3,17.9,19.1,,0.0,0.3,0.3,.068,,-2.5,0.0,-2.6,0.0
232,Calvin Murphy*,PG,30,HOU,82,2941,16.1,.539,,.186,2.9,3.5,3.2,17.0,1.8,0.1,10.8,23.2,,6.1,0.7,6.8,.112,,0.9,-1.0,-0.1,1.4
233,Bob Nash,SF,28,KCK,82,1307,9.6,.467,,.165,6.2,11.1,8.6,7.0,1.0,0.6,12.8,18.9,,-0.1,1.2,1.1,.042,,-2.1,-1.1,-3.2,-0.4
234,Swen Nater,C,29,SDC,79,2006,16.9,.605,,.263,11.5,25.6,18.6,9.1,0.9,0.7,19.5,16.4,,3.9,1.6,5.5,.133,,1.4,-0.8,0.6,1.3
235,Lloyd Neal,PF,28,POR,4,48,-0.6,.393,,.091,4.6,16.4,10.4,2.6,0.0,1.2,34.4,14.3,,-0.1,0.0,-0.1,-0.112,,-4.9,-0.6,-5.5,-0.1
236,Mike Newlin,SG,30,HOU,76,1828,12.9,.565,,.418,3.1,7.0,5.1,20.2,1.3,0.3,20.3,18.6,,2.4,0.5,2.9,.076,,-0.3,-1.0,-1.3,0.3
237,Norm Nixon,PG,23,LAL,82,3145,18.2,.567,,.178,1.8,6.0,4.0,30.5,2.9,0.3,15.7,18.7,,6.5,3.1,9.6,.146,,1.8,0.4,2.2,3.3
238,Connie Norman,SG,25,SDC,22,323,11.9,.460,,.139,4.3,6.3,5.3,10.3,1.4,0.5,11.2,23.1,,0.2,0.1,0.2,.032,,-1.8,-1.7,-3.6,-0.1
239,Mark Olberding,PF,22,SAS,80,1885,12.4,.556,,.526,5.6,17.9,12.0,13.1,1.2,0.5,19.4,16.9,,2.0,2.2,4.2,.106,,-1.4,0.1,-1.3,0.3
240,John Olive,SF,23,SDC,34,189,2.0,.439,,.575,1.7,9.0,5.3,1.8,1.0,0.0,20.6,12.7,,-0.2,0.0,-0.2,-0.038,,-5.5,-1.0,-6.5,-0.3
241,Tom Owens,C,29,POR,82,2791,19.9,.597,,.368,10.3,19.2,14.7,15.9,1.0,1.2,16.3,21.5,,7.4,3.0,10.4,.179,,3.0,-0.2,2.7,3.3
242,Robert Parish*,C,25,GSW,76,2411,20.8,.529,,.253,11.7,29.2,20.4,6.9,1.9,4.9,15.9,24.6,,1.8,5.4,7.1,.142,,0.3,1.8,2.2,2.5
243,Sonny Parker,SF,23,GSW,79,2893,15.5,.537,,.218,6.1,10.5,8.2,13.6,2.3,0.6,14.7,18.3,,3.5,3.5,7.0,.116,,0.8,1.0,1.8,2.8
244,Billy Paultz,C,30,SAS,79,2122,15.5,.541,,.256,8.7,21.8,15.5,10.5,0.7,2.9,15.7,17.8,,2.1,2.9,5.1,.114,,0.3,0.5,0.7,1.5
245,Roger Phegley,SG,22,WSB,29,153,9.8,.441,,.372,3.4,11.1,7.3,12.5,1.5,0.6,15.8,26.9,,-0.2,0.2,0.0,.001,,-4.2,-0.6,-4.8,-0.1
246,Stan Pietkiewicz,SG,22,SDC,4,32,1.6,.225,,.250,0.0,20.0,10.0,10.3,1.4,0.0,10.1,11.7,,-0.1,0.0,0.0,-0.060,,-4.7,-0.1,-4.7,0.0
247,Ben Poquette,PF,23,DET,76,1337,13.1,.481,,.306,7.5,19.1,13.1,5.4,1.3,3.8,11.0,16.8,,0.9,1.6,2.5,.091,,-2.0,0.8,-1.2,0.3
248,Kevin Porter,PG,28,DET,82,3064,17.2,.513,,.240,2.0,5.2,3.5,47.0,2.3,0.1,21.5,19.4,,4.3,1.9,6.2,.097,,2.2,-0.8,1.4,2.6
249,,,,,,,,,,,,,,,,,,,,,,,,,,,,
250,Jim Price,PG,29,LAL,75,1207,12.3,.524,,.230,2.5,8.3,5.5,21.9,2.5,0.5,20.9,15.9,,0.5,1.2,1.8,.070,,-1.4,0.6,-0.8,0.4
251,Wayne Radford,SG,22,IND,52,649,9.7,.518,,.257,4.0,6.8,5.4,11.3,2.1,0.1,18.8,14.4,,0.2,0.5,0.7,.049,,-2.6,0.4,-2.2,0.0
252,Clifford Ray,C,30,GSW,82,1917,12.5,.543,,.433,11.9,22.3,17.0,8.9,1.2,1.4,22.6,14.3,,1.0,2.8,3.8,.095,,-1.6,0.6,-1.0,0.5
253,Marlon Redmond,SG,23,TOT,53,759,10.6,.436,,.129,8.0,7.6,7.8,10.5,1.7,1.2,12.2,23.6,,-0.5,0.8,0.3,.017,,-1.9,-0.9,-2.8,-0.2
254,Marlon Redmond,SG,23,KCK,49,736,11.3,.447,,.133,8.2,7.7,8.0,10.6,1.7,1.2,12.4,23.7,,-0.3,0.8,0.4,.029,,-1.8,-0.9,-2.7,-0.1
255,Marlon Redmond,SG,23,PHI,4,23,-13.4,.083,,.000,0.0,4.3,2.3,5.0,0.0,0.0,7.7,22.0,,-0.2,0.0,-0.2,-0.369,,-5.9,-1.0,-6.8,-0.1
256,Robert Reid,SF,23,HOU,82,2259,13.9,.521,,.239,6.3,16.8,11.6,13.2,1.5,1.1,13.2,17.3,,2.9,1.7,4.5,.096,,0.0,0.5,0.4,1.4
257,Kevin Restani,PF,27,MIL,81,1598,12.1,.512,,.138,9.8,16.9,13.3,9.3,0.8,0.9,14.6,16.0,,1.3,1.3,2.6,.078,,-0.8,-1.0,-1.8,0.1
258,Micheal Ray Richardson,PG,23,NYK,72,1218,12.4,.435,,.265,6.9,13.8,10.3,22.9,3.8,0.8,20.7,21.9,,-1.4,1.7,0.3,.013,,-2.7,1.6,-1.1,0.3
259,Anthony Roberts,SF,23,DEN,63,1236,11.2,.456,,.221,9.0,12.7,10.9,12.0,0.7,0.1,10.6,19.1,,0.8,1.0,1.7,.067,,-1.3,-1.5,-2.8,-0.3
260,Tony Robertson,SG,23,GSW,12,74,10.7,.409,,.225,8.7,5.8,7.3,7.6,5.1,0.0,15.4,28.4,,-0.2,0.1,0.0,-0.027,,-4.4,0.4,-4.0,0.0
261,Rick Robey,C,23,TOT,79,1763,14.5,.530,,.333,10.2,21.0,15.6,10.5,1.2,0.4,17.5,20.7,,1.4,1.7,3.1,.085,,-0.9,-0.7,-1.6,0.2
262,Rick Robey,C,23,IND,43,849,13.4,.531,,.410,9.7,21.1,15.4,8.4,1.3,0.7,20.4,20.1,,0.3,1.0,1.3,.072,,-1.8,-0.5,-2.2,-0.1
263,Rick Robey,C,23,BOS,36,914,15.5,.529,,.272,10.6,20.9,15.7,12.4,1.1,0.2,15.1,21.3,,1.1,0.7,1.8,.097,,0.0,-1.0,-1.0,0.2
264,Jackie Robinson,SF,23,SEA,12,105,13.6,.483,,.366,9.0,10.0,9.5,17.5,2.2,0.5,18.8,21.9,,0.0,0.2,0.1,.065,,-2.1,0.3,-1.9,0.1
265,Truck Robinson,PF,27,TOT,69,2537,16.9,.537,,.401,8.0,23.6,16.0,6.4,0.8,1.5,14.7,23.9,,2.1,3.0,5.1,.096,,-0.2,-1.4,-1.5,0.3
266,Truck Robinson,PF,27,NOJ,43,1781,18.0,.537,,.414,7.9,23.3,15.8,6.2,0.7,1.7,12.9,23.8,,2.2,2.0,4.1,.111,,0.6,-1.3,-0.7,0.6
267,Truck Robinson,PF,27,PHO,26,756,14.2,.539,,.369,8.4,24.4,16.5,6.9,1.0,0.8,18.9,24.3,,0.0,1.0,1.0,.061,,-1.9,-1.5,-3.5,-0.3
268,Bill Robinzine,PF,26,KCK,82,2179,16.4,.581,,.294,10.6,21.5,15.9,6.5,2.2,0.4,15.9,19.8,,3.4,3.4,6.9,.151,,0.0,0.3,0.3,1.3
269,Dave Robisch,C,29,LAL,80,1219,11.9,.499,,.342,7.7,17.1,12.7,9.4,0.7,1.0,12.1,14.4,,1.2,1.2,2.3,.092,,-0.5,-0.5,-1.1,0.3
270,Tree Rollins,C,23,ATL,81,1900,17.3,.553,,.254,12.0,21.9,16.7,3.6,1.1,7.7,12.4,14.6,,3.1,3.3,6.4,.163,,0.0,2.4,2.4,2.1
271,Dan Roundfield,PF,25,ATL,80,2539,19.4,.556,,.459,13.3,24.0,18.4,7.4,1.6,4.0,16.0,20.4,,4.6,4.1,8.7,.164,,1.3,0.7,1.9,2.5
272,Curtis Rowe,PF,29,BOS,53,1222,7.7,.467,,.217,7.1,14.9,11.0,7.3,0.6,0.6,18.8,14.9,,-0.5,0.6,0.0,.001,,-2.7,-1.4,-4.1,-0.6
273,John Rudd,SF,23,NYK,58,723,8.2,.529,,.699,10.2,14.7,12.4,5.7,1.1,0.6,25.3,12.6,,0.1,0.5,0.6,.040,,-3.0,-0.8,-3.8,-0.3
274,Campy Russell,SF,27,CLE,74,2859,18.6,.542,,.412,5.3,14.5,9.6,17.6,1.6,0.5,14.7,24.4,,5.0,1.6,6.7,.112,,2.4,-0.8,1.6,2.6
275,Frankie Sanders,SF,22,TOT,46,479,13.9,.478,,.276,8.0,16.5,12.4,14.7,1.9,0.6,16.6,26.5,,-0.1,0.5,0.4,.039,,-2.3,-0.6,-2.9,-0.1
276,Frankie Sanders,SF,22,SAS,22,263,11.8,.455,,.323,5.4,17.7,11.8,16.6,2.3,0.6,18.1,25.5,,-0.2,0.4,0.1,.024,,-3.5,-0.2,-3.6,-0.1
277,Frankie Sanders,SF,22,BOS,24,216,16.4,.504,,.227,11.2,15.0,13.1,12.3,1.5,0.7,14.9,27.8,,0.1,0.2,0.3,.059,,-0.9,-1.2,-2.0,0.0
278,,,,,,,,,,,,,,,,,,,,,,,,,,,,
279,Alvin Scott,SF,23,PHO,81,1737,13.2,.579,,.424,6.8,16.1,11.5,8.5,2.0,1.9,17.4,12.6,,2.0,2.4,4.4,.121,,0.1,1.3,1.4,1.5
280,Charlie Scott*,PG,30,DEN,79,2617,9.8,.499,,.252,2.2,6.2,4.2,22.0,1.4,0.6,21.2,17.7,,0.0,1.9,1.9,.035,,-2.3,-0.8,-3.1,-0.7
281,Lonnie Shelton,PF,23,SEA,76,2158,14.9,.543,,.220,8.9,14.0,11.4,7.5,1.6,1.8,16.6,20.5,,1.7,3.4,5.1,.114,,-0.7,0.8,0.0,1.1
282,Steve Sheppard,SF,24,TOT,42,279,9.2,.506,,.447,9.5,8.5,9.0,8.9,1.3,0.2,21.6,16.4,,0.0,0.2,0.1,.023,,-2.8,-0.8,-3.6,-0.1
283,Steve Sheppard,SF,24,CHI,22,203,7.4,.505,,.373,8.7,6.4,7.5,9.7,1.1,0.0,26.1,15.8,,-0.1,0.1,0.0,-0.007,,-2.9,-1.0,-3.9,-0.1
284,Steve Sheppard,SF,24,DET,20,76,14.2,.506,,.600,11.9,14.1,13.0,6.8,1.8,0.7,11.2,17.8,,0.1,0.1,0.2,.103,,-2.7,-0.2,-2.9,0.0
285,Purvis Short,PF,21,GSW,75,1703,13.1,.492,,.110,8.0,14.0,10.9,8.1,1.5,0.4,12.1,21.8,,0.7,1.9,2.6,.074,,-1.7,-0.6,-2.3,-0.1
286,Jack Sikma*,C,23,SEA,82,2958,16.3,.529,,.391,8.2,27.8,18.0,12.2,1.3,1.2,17.3,19.4,,3.1,5.7,8.8,.143,,0.0,1.3,1.2,2.4
287,James Silas,PG,29,SAS,79,2171,16.0,.576,,.436,1.8,6.9,4.4,16.2,1.5,0.5,15.3,22.6,,4.0,1.7,5.7,.126,,0.3,-0.9,-0.6,0.8
288,Paul Silas,PF,35,SEA,82,1957,10.4,.468,,.483,13.9,17.0,15.5,7.3,0.7,0.5,16.7,11.7,,1.3,2.6,3.9,.096,,-1.0,-0.2,-1.2,0.4
289,Ralph Simpson,SG,29,TOT,69,979,9.7,.440,,.256,3.7,6.6,5.1,18.1,1.7,0.3,17.2,22.7,,-1.1,0.9,-0.2,-0.010,,-2.7,-1.3,-4.0,-0.5
290,Ralph Simpson,SG,29,PHI,37,452,11.2,.473,,.204,3.8,4.2,4.0,18.0,2.5,0.1,18.0,22.5,,-0.3,0.5,0.2,.021,,-2.2,-0.5,-2.7,-0.1
291,Ralph Simpson,SG,29,NJN,32,527,8.4,.414,,.300,3.6,8.7,6.1,18.1,1.0,0.4,16.5,22.9,,-0.8,0.4,-0.4,-0.036,,-3.1,-2.0,-5.1,-0.4
292,Al Skinner,SG,26,TOT,45,643,12.2,.532,,.533,4.4,9.6,7.0,18.6,2.8,0.2,21.4,19.9,,0.3,0.9,1.2,.088,,-2.7,1.0,-1.7,0.1
293,Al Skinner,SG,26,NJN,23,334,16.2,.565,,.656,3.6,9.8,6.6,20.6,2.9,0.3,19.1,22.4,,0.5,0.4,1.0,.137,,-0.8,1.0,0.2,0.2
294,Al Skinner,SG,26,PHI,22,309,8.0,.480,,.360,5.3,9.4,7.4,16.4,2.6,0.2,24.8,17.3,,-0.2,0.4,0.2,.035,,-4.7,0.9,-3.8,-0.2
295,Bingo Smith,SG,32,CLE,72,1650,13.4,.485,,.135,4.8,9.1,6.8,10.7,1.2,0.2,8.3,21.8,,1.6,0.5,2.1,.061,,-0.7,-1.6,-2.3,-0.1
296,Elmore Smith,C,29,CLE,24,332,14.5,.551,,.200,14.0,21.4,17.5,5.6,1.0,2.7,22.9,22.0,,0.0,0.3,0.3,.046,,-2.6,-1.0,-3.6,-0.1
297,Phil Smith,SG,26,GSW,59,2288,16.1,.538,,.261,2.2,7.7,5.0,16.2,2.1,0.5,13.5,22.3,,2.8,2.4,5.2,.110,,0.6,0.4,1.0,1.7
298,Randy Smith,SG,30,SDC,82,3111,16.6,.499,,.236,3.5,6.6,5.0,17.6,2.6,0.1,13.2,23.6,,4.5,1.3,5.8,.089,,0.9,-0.8,0.0,1.6
299,Robert Smith,PG,23,DEN,82,1479,11.6,.511,,.413,2.9,7.3,5.2,18.3,1.8,0.5,15.6,15.9,,1.6,1.3,2.9,.095,,-1.6,0.4,-1.2,0.3
300,Sam Smith,SF,24,MIL,16,125,14.2,.486,,.511,0.0,8.0,4.0,15.4,2.9,3.0,12.2,20.4,,0.1,0.2,0.2,.090,,-2.0,1.0,-1.0,0.1
301,Willie Smith,PG,25,POR,13,131,14.6,.563,,.386,5.9,5.2,5.5,18.0,3.5,0.4,21.4,19.7,,0.1,0.2,0.3,.103,,-2.0,0.7,-1.3,0.1
302,Dick Snyder,SG,34,SEA,56,536,10.8,.489,,.273,2.9,6.5,4.7,16.0,1.2,0.6,14.7,17.9,,0.3,0.6,0.9,.080,,-2.0,0.1,-1.9,0.0
303,Ricky Sobers,SG,26,IND,81,2825,14.8,.523,,.283,4.3,6.7,5.5,22.4,2.2,0.4,18.5,22.8,,2.1,2.3,4.3,.074,,-0.3,-0.3,-0.7,1.0
304,Kevin Stacom,SG,27,TOT,68,831,8.0,.407,,.175,3.8,7.0,5.4,18.0,1.6,0.1,17.8,21.1,,-1.3,0.5,-0.8,-0.048,,-3.5,-1.6,-5.1,-0.7
305,Kevin Stacom,SG,27,IND,44,571,7.1,.403,,.196,3.6,7.4,5.5,17.4,1.1,0.1,19.2,19.2,,-0.9,0.3,-0.6,-0.049,,-3.5,-1.9,-5.4,-0.5
306,Kevin Stacom,SG,27,BOS,24,260,10.1,.414,,.143,4.2,6.0,5.1,19.3,2.6,0.0,15.5,25.1,,-0.4,0.2,-0.2,-0.046,,-3.3,-1.1,-4.3,-0.2
307,,,,,,,,,,,,,,,,,,,,,,,,,,,,
308,Larry Steele,SG,29,POR,72,1488,10.1,.477,,.282,4.3,8.5,6.4,12.6,2.3,0.4,15.0,16.9,,0.6,1.5,2.0,.065,,-2.8,0.3,-2.5,-0.2
309,Earl Tatum,SG,25,TOT,79,1233,11.9,.465,,.113,3.4,7.3,5.3,8.3,2.8,1.4,11.8,23.1,,-0.5,1.2,0.7,.028,,-2.9,0.6,-2.3,-0.1
310,Earl Tatum,SG,25,BOS,3,38,7.1,.450,,.250,2.9,8.8,5.8,3.8,0.0,1.4,11.9,25.9,,0.0,0.0,0.0,-0.036,,-4.2,-0.7,-4.9,-0.1
311,Earl Tatum,SG,25,DET,76,1195,12.1,.465,,.109,3.4,7.3,5.3,8.5,2.9,1.4,11.8,23.0,,-0.4,1.2,0.7,.030,,-2.9,0.6,-2.2,-0.1
312,Brian Taylor,PG,27,SDC,20,212,11.1,.418,,.217,6.5,6.5,6.5,11.8,5.1,0.0,15.8,19.3,,-0.1,0.2,0.1,.032,,-3.8,1.9,-1.9,0.0
313,Ira Terrell,SF,24,TOT,49,732,9.3,.499,,.268,6.2,13.9,10.1,7.4,1.3,1.9,19.3,14.4,,-0.1,0.7,0.6,.037,,-3.3,0.2,-3.1,-0.1
314,Ira Terrell,SF,24,NOJ,31,572,8.0,.476,,.264,6.0,12.4,9.3,5.8,1.2,1.9,18.3,13.1,,-0.2,0.4,0.3,.023,,-3.6,0.0,-3.6,-0.2
315,Ira Terrell,SF,24,POR,18,160,14.1,.561,,.278,6.9,19.0,12.8,13.2,2.0,2.1,21.9,19.1,,0.1,0.2,0.3,.087,,-2.1,0.8,-1.3,0.1
316,Reggie Theus,PG,21,CHI,82,2753,13.3,.526,,.310,3.7,5.4,4.5,22.8,1.6,0.3,19.2,22.9,,1.5,1.7,3.2,.056,,-0.7,-1.2,-1.9,0.1
317,David Thompson*,SG,24,DEN,76,2670,19.9,.567,,.431,4.3,6.4,5.4,13.3,1.2,1.6,10.4,25.9,,7.4,2.1,9.5,.171,,3.7,-0.6,3.1,3.5
318,Mychal Thompson,C,24,POR,73,2144,17.0,.508,,.287,10.1,21.3,15.7,12.1,1.5,3.5,16.3,23.2,,1.2,3.2,4.4,.098,,-0.1,0.6,0.5,1.3
319,Rudy Tomjanovich*,PF,30,HOU,74,2641,16.4,.543,,.184,7.1,16.3,11.8,7.3,0.8,0.4,9.6,21.4,,5.0,1.1,6.2,.112,,1.6,-1.8,-0.2,1.2
320,Raymond Townsend,SG,23,GSW,65,771,10.8,.477,,.235,1.5,6.2,3.8,15.7,1.6,0.4,13.8,19.4,,0.1,0.7,0.8,.048,,-2.2,-0.1,-2.4,-0.1
321,Dave Twardzik,PG,28,POR,64,1570,14.9,.651,,.785,2.7,5.7,4.2,14.6,2.5,0.1,19.9,16.1,,3.7,1.4,5.1,.157,,-0.2,0.6,0.4,0.9
322,Terry Tyler,PF,22,DET,82,2560,15.5,.507,,.232,8.3,18.3,13.2,4.6,1.8,4.1,11.9,17.6,,2.0,3.4,5.4,.101,,-0.4,1.0,0.6,1.7
323,Wes Unseld*,C,32,WSB,77,2406,17.8,.599,,.392,11.7,23.2,17.5,15.9,1.3,0.8,18.2,13.6,,5.3,3.5,8.7,.174,,2.8,1.5,4.3,3.8
324,Jan van Breda Kolff,SF,27,NJN,80,1998,10.8,.534,,.433,5.5,15.0,10.1,11.6,1.9,2.0,21.1,12.0,,0.9,2.7,3.6,.087,,-1.6,1.7,0.1,1.1
325,Norm Van Lier,PG,31,MIL,38,555,11.0,.536,,.675,1.6,6.4,4.0,30.7,3.5,0.3,32.9,10.4,,0.5,0.6,1.1,.093,,-2.8,1.8,-1.0,0.1
326,Andre Wakefield,SG,24,TOT,73,586,4.9,.415,,.390,4.3,9.4,6.7,14.4,1.5,0.2,26.0,18.2,,-1.2,0.3,-0.9,-0.072,,-5.5,-1.5,-7.0,-0.8
327,Andre Wakefield,SG,24,CHI,2,8,-15.9,.000,,.000,0.0,0.0,0.0,14.2,0.0,0.0,66.7,15.0,,-0.1,0.0,-0.1,-0.397,,-5.1,-0.3,-5.4,0.0
328,Andre Wakefield,SG,24,DET,71,578,5.2,.417,,.392,4.4,9.5,6.8,14.4,1.5,0.2,25.6,18.3,,-1.1,0.3,-0.8,-0.067,,-5.5,-1.5,-7.0,-0.7
329,Foots Walker,PG,27,CLE,55,1753,15.0,.527,,.391,3.5,9.2,6.2,23.3,3.5,0.6,19.5,14.8,,1.9,1.5,3.4,.093,,-0.2,1.5,1.3,1.5
330,Wally Walker,SF,24,SEA,60,969,11.6,.511,,.280,7.2,12.1,9.6,10.0,0.6,1.4,15.0,18.3,,0.6,1.2,1.8,.087,,-1.7,0.0,-1.7,0.1
331,Lloyd Walton,PG,25,MIL,75,1381,12.4,.511,,.275,2.7,5.6,4.2,29.7,2.3,0.3,25.1,13.8,,0.9,1.0,1.9,.067,,-0.4,-0.3,-0.7,0.5
332,Kermit Washington,PF,27,SDC,82,2764,15.0,.603,,.530,11.4,19.4,15.4,5.5,1.4,2.2,19.4,13.1,,4.6,2.3,6.9,.120,,0.8,0.1,0.9,2.0
333,Richard Washington,PF,23,KCK,18,161,5.3,.396,,.390,7.3,25.6,16.2,5.1,1.9,1.0,23.8,15.1,,-0.3,0.3,0.0,-0.006,,-5.1,0.4,-4.7,-0.1
334,,,,,,,,,,,,,,,,,,,,,,,,,,,,
335,Wilson Washington,PF,23,NJN,62,1139,12.9,.523,,.240,7.8,19.8,13.6,6.0,1.2,3.2,17.0,19.0,,0.2,1.7,1.8,.077,,-2.6,0.5,-2.1,0.0
336,Slick Watts,PG,27,HOU,61,1046,11.3,.439,,.295,3.7,7.0,5.4,27.2,3.2,0.7,21.7,12.3,,0.4,0.8,1.2,.057,,-1.2,1.7,0.5,0.7
337,Nick Weatherspoon,SF,28,SDC,82,2642,12.7,.514,,.238,7.2,11.1,9.1,6.7,1.4,0.7,14.3,18.5,,2.8,1.0,3.7,.068,,-0.4,-1.3,-1.7,0.2
338,Marvin Webster,C,26,NYK,60,2027,13.4,.504,,.470,10.5,24.4,17.4,10.6,0.5,2.9,20.2,16.3,,0.5,2.3,2.8,.066,,-0.9,0.3,-0.6,0.7
339,Scott Wedman,SF,26,KCK,73,2498,16.9,.572,,.258,5.7,11.2,8.4,8.0,1.4,0.7,8.3,19.6,,6.0,2.6,8.6,.165,,2.0,-0.2,1.9,2.4
340,Paul Westphal*,SG,28,PHO,81,2641,22.6,.580,,.271,1.5,5.1,3.3,29.9,1.9,0.5,12.2,27.8,,8.2,2.2,10.4,.189,,4.6,-0.9,3.7,3.8
341,Jo Jo White*,PG,32,TOT,76,2338,11.2,.483,,.174,2.0,7.5,4.7,20.3,1.6,0.2,17.8,20.1,,-0.3,1.4,1.1,.023,,-1.9,-1.0,-3.0,-0.6
342,Jo Jo White*,PG,32,BOS,47,1455,10.2,.464,,.149,1.7,8.2,4.9,20.4,1.7,0.1,18.3,20.9,,-1.0,0.7,-0.3,-0.008,,-2.5,-1.4,-3.9,-0.7
343,Jo Jo White*,PG,32,GSW,29,883,12.7,.520,,.220,2.4,6.4,4.4,20.1,1.4,0.2,16.9,19.0,,0.7,0.7,1.4,.075,,-0.9,-0.5,-1.4,0.1
344,Jerome Whitehead,C,22,SDC,31,152,8.4,.453,,.529,11.2,23.8,17.5,5.5,0.9,1.3,20.8,13.2,,0.0,0.1,0.1,.026,,-3.6,-0.5,-4.1,-0.1
345,Sidney Wicks,PF,29,SDC,79,2022,11.1,.497,,.334,8.4,13.0,10.7,7.9,1.6,0.9,18.8,17.9,,0.5,1.0,1.5,.037,,-1.6,-0.9,-2.6,-0.3
346,Bob Wilkerson,SF,24,DEN,80,2425,12.0,.482,,.199,4.4,13.4,8.9,16.1,2.2,0.4,17.2,18.1,,0.0,2.9,2.9,.058,,-1.5,0.6,-0.9,0.7
347,Jamaal Wilkes*,SF,25,LAL,82,2915,16.4,.544,,.291,6.5,15.7,11.4,10.3,2.1,0.5,13.8,22.3,,3.4,3.4,6.9,.113,,0.2,-0.4,-0.2,1.3
348,Earl Williams,C,27,BOS,20,273,15.3,.457,,.195,16.5,26.2,21.4,6.3,2.0,1.7,13.0,22.0,,0.0,0.4,0.4,.069,,-1.7,-0.9,-2.6,0.0
349,Freeman Williams,SG,22,SDC,72,1195,16.1,.514,,.143,4.3,4.5,4.4,10.5,1.6,0.1,12.0,26.2,,1.7,0.1,1.8,.072,,0.6,-2.2,-1.5,0.1
350,Gus Williams,PG,25,SEA,76,2266,21.1,.534,,.258,5.1,6.2,5.7,21.9,3.2,0.7,12.2,26.9,,4.7,3.5,8.3,.175,,3.1,1.8,4.9,4.0
351,Nate Williams,SG,28,GSW,81,1299,14.7,.542,,.206,5.6,11.6,8.6,6.7,2.0,0.2,13.1,22.2,,1.4,1.5,2.9,.107,,-0.9,-0.1,-1.0,0.3
352,Ray Williams,PG,24,NYK,81,2370,17.7,.502,,.249,4.7,8.5,6.6,31.0,2.5,0.4,17.0,27.8,,1.9,1.9,3.9,.078,,1.3,-0.7,0.6,1.6
353,John Williamson,SG,27,NJN,74,2451,16.4,.527,,.320,2.2,6.4,4.2,16.8,1.6,0.3,13.0,27.4,,3.0,2.0,5.1,.099,,0.7,-1.1,-0.5,0.9
354,Rick Wilson,SG,22,ATL,61,589,9.7,.430,,.223,3.5,10.7,7.0,16.4,2.4,0.8,15.9,17.3,,-0.3,0.6,0.3,.028,,-2.4,0.7,-1.7,0.0
355,Brian Winters,SG,26,MIL,79,2575,15.6,.533,,.206,2.1,5.5,3.8,20.5,1.5,0.8,14.9,26.0,,2.7,1.5,4.2,.078,,0.3,-1.5,-1.2,0.5
356,Larry Wright,PG,24,WSB,73,1658,13.7,.511,,.285,3.0,5.6,4.3,22.5,1.9,0.4,15.2,18.0,,2.0,1.5,3.5,.101,,-0.3,0.2,-0.1,0.8
